{"cameraMode":{"drawMode":0,"name":"Shaded","section":"Shading Mode"},"sceneLighting":true,"audioPlay":false,"sceneViewState":{"showFog":true,"showMaterialUpdate":false,"showSkybox":true,"showFlares":true,"showImageEffects":true,"showParticleSystems":true},"in2DMode":false,"pivot":{"x":-5.463504791259766,"y":3.560486078262329,"z":5.3335113525390629},"rotation":{"x":-0.10011785477399826,"y":-0.1965610533952713,"z":0.020180685445666314,"w":-0.9751595854759216},"size":438.864501953125,"orthographic":true}